seed,model,regime,macro,tcam,partition,sequence
1,rf,fair,96.44732789296344,11.458333333333334,"{ddos,dos,normal,scanning} {injection} {password} {xss}","[0, 2, 3, 1]"
1,xgboost,fair,95.98261440152196,9.722222222222221,"{ddos,dos,normal,scanning} {injection} {password} {xss}","[0, 2, 3, 1]"
1,lightgbm,fair,96.0902328941197,7.986111111111111,"{ddos,dos,normal,scanning} {injection} {password} {xss}","[0, 2, 3, 1]"
1,catboost,fair,96.51993187469283,9.375,"{ddos,dos,normal,scanning} {injection} {password} {xss}","[0, 2, 1, 3]"
1,rf,original,96.45101134569708,7.986111111111111,"{ddos,dos,normal,scanning} {injection} {password} {xss}","[2, 3, 0, 1]"
1,xgboost,original,96.45101134569708,7.986111111111111,"{ddos,dos,normal,scanning} {injection} {password} {xss}","[0, 2, 3, 1]"
1,lightgbm,original,96.45101134569708,7.986111111111111,"{ddos,dos,normal,scanning} {injection} {password} {xss}","[0, 2, 3, 1]"
1,catboost,original,96.45101134569708,7.986111111111111,"{ddos,dos,normal,scanning} {injection} {password} {xss}","[0, 3, 2, 1]"
2,rf,fair,96.13273430608822,12.5,"{ddos,dos,normal,scanning} {injection} {password} {xss}","[2, 3, 0, 1]"
2,xgboost,fair,96.286918494226,7.291666666666666,"{ddos,dos,normal,scanning} {injection} {password} {xss}","[0, 2, 3, 1]"
2,lightgbm,fair,96.67568465248158,10.069444444444443,"{ddos,dos,normal,scanning} {injection} {password} {xss}","[0, 2, 3, 1]"
2,catboost,fair,96.11201650781213,10.416666666666664,"{ddos,dos,normal,scanning} {injection} {password} {xss}","[0, 3, 2, 1]"
2,rf,original,96.20133463804957,9.722222222222223,"{ddos,dos,normal,scanning} {injection} {password} {xss}","[2, 3, 0, 1]"
2,xgboost,original,96.20133463804957,9.722222222222223,"{ddos,dos,normal,scanning} {injection} {password} {xss}","[0, 2, 3, 1]"
2,lightgbm,original,96.20133463804957,9.722222222222223,"{ddos,dos,normal,scanning} {injection} {password} {xss}","[0, 2, 3, 1]"
2,catboost,original,96.20133463804957,9.722222222222223,"{ddos,dos,normal,scanning} {injection} {password} {xss}","[0, 3, 2, 1]"
3,rf,fair,96.13010116843431,11.111111111111112,"{ddos,dos,normal,scanning} {injection} {password} {xss}","[0, 2, 3, 1]"
3,xgboost,fair,96.53085294853834,7.986111111111111,"{injection} {ddos,dos,normal,scanning} {password} {xss}","[0, 2, 3, 1]"
3,lightgbm,fair,95.76369610670488,6.597222222222221,"{injection} {ddos,dos,normal,scanning} {password} {xss}","[2, 1, 0, 3]"
3,catboost,fair,96.2217799397185,11.111111111111112,"{ddos,dos,normal,scanning} {injection} {password} {xss}","[0, 3, 2, 1]"
3,rf,original,95.73411177409783,6.25,"{ddos,dos,normal,scanning} {injection} {password} {xss}","[0, 2, 3, 1]"
3,xgboost,original,95.73411177409783,6.25,"{injection} {ddos,dos,normal,scanning} {password} {xss}","[0, 2, 1, 3]"
3,lightgbm,original,95.73411177409783,6.25,"{injection} {ddos,dos,normal,scanning} {password} {xss}","[0, 2, 1, 3]"
3,catboost,original,95.73411177409783,6.25,"{ddos,dos,normal,scanning} {injection} {password} {xss}","[0, 2, 1, 3]"
4,rf,fair,96.35124494182357,11.458333333333334,"{ddos,dos,normal,scanning} {injection} {password} {xss}","[2, 3, 0, 1]"
4,xgboost,fair,96.22619135603593,8.680555555555555,"{ddos,dos,normal,scanning} {injection} {password} {xss}","[0, 2, 3, 1]"
4,lightgbm,fair,95.74963167633733,6.597222222222221,"{injection} {ddos,dos,normal,scanning} {password} {xss}","[0, 2, 3, 1]"
4,catboost,fair,96.11546182900646,8.680555555555555,"{injection} {password} {ddos,dos,normal,scanning} {xss}","[0, 2, 3, 1]"
4,rf,original,96.35438071662325,8.680555555555555,"{ddos,dos,normal,scanning} {injection} {password} {xss}","[0, 2, 3, 1]"
4,xgboost,original,96.35438071662325,8.680555555555555,"{ddos,dos,normal,scanning} {injection} {password} {xss}","[0, 2, 3, 1]"
4,lightgbm,original,96.35438071662325,8.680555555555555,"{injection} {ddos,dos,normal,scanning} {password} {xss}","[0, 2, 3, 1]"
4,catboost,original,96.29955008345623,9.027777777777779,"{injection} {password} {ddos,dos,normal,scanning} {xss}","[0, 2, 1, 3]"
5,rf,fair,96.38828354338169,12.152777777777779,"{ddos,dos,normal,scanning} {injection} {password} {xss}","[2, 3, 0, 1]"
5,xgboost,fair,96.06689127926754,7.638888888888888,"{injection} {ddos,dos,normal,scanning} {password} {xss}","[0, 2, 3, 1]"
5,lightgbm,fair,95.92928505578222,8.680555555555555,"{ddos,dos,normal,scanning} {injection} {password} {xss}","[0, 2, 3, 1]"
5,catboost,fair,96.52011027412046,10.763888888888888,"{ddos,dos,normal,scanning} {injection} {password} {xss}","[0, 3, 2, 1]"
5,rf,original,96.60869012299645,9.375,"{ddos,dos,normal,scanning} {injection} {password} {xss}","[2, 3, 0, 1]"
5,xgboost,original,96.60869012299645,10.069444444444443,"{injection} {ddos,dos,normal,scanning} {password} {xss}","[0, 2, 3, 1]"
5,lightgbm,original,96.60869012299645,9.375,"{ddos,dos,normal,scanning} {injection} {password} {xss}","[0, 2, 3, 1]"
5,catboost,original,96.60869012299645,9.375,"{ddos,dos,normal,scanning} {injection} {password} {xss}","[0, 3, 2, 1]"
6,rf,fair,96.21020899561503,13.541666666666666,"{ddos,dos,normal,scanning} {injection} {password} {xss}","[2, 3, 0, 1]"
6,xgboost,fair,96.33232600757627,7.291666666666667,"{injection} {ddos,dos,normal,scanning} {password} {xss}","[0, 2, 3, 1]"
6,lightgbm,fair,96.01838889434994,5.555555555555555,"{injection} {ddos,dos,normal,scanning} {password} {xss}","[0, 2, 3, 1]"
6,catboost,fair,95.9962774626856,11.458333333333332,"{ddos,dos,normal,scanning} {injection} {password} {xss}","[0, 3, 2, 1]"
6,rf,original,96.35343892314843,10.416666666666666,"{ddos,dos,normal,scanning} {injection} {password} {xss}","[0, 2, 3, 1]"
6,xgboost,original,96.35343892314843,9.722222222222221,"{injection} {ddos,dos,normal,scanning} {password} {xss}","[0, 2, 1, 3]"
6,lightgbm,original,96.35343892314843,9.722222222222221,"{injection} {ddos,dos,normal,scanning} {password} {xss}","[0, 2, 1, 3]"
6,catboost,original,96.35343892314843,10.416666666666666,"{ddos,dos,normal,scanning} {injection} {password} {xss}","[0, 2, 1, 3]"
7,rf,fair,96.0195533708645,11.458333333333332,"{ddos,dos,normal,scanning} {injection} {password} {xss}","[2, 3, 0, 1]"
7,xgboost,fair,96.09188504358879,9.375,"{ddos,dos,normal,scanning} {injection} {password} {xss}","[0, 2, 3, 1]"
7,lightgbm,fair,96.17981274728415,8.680555555555555,"{ddos,dos,normal,scanning} {injection} {password} {xss}","[0, 2, 3, 1]"
7,catboost,fair,96.15828948054325,12.152777777777779,"{ddos,dos,normal,scanning} {injection} {password} {xss}","[0, 2, 1, 3]"
7,rf,original,96.30898503027126,11.11111111111111,"{ddos,dos,normal,scanning} {injection} {password} {xss}","[0, 2, 3, 1]"
7,xgboost,original,96.30898503027126,11.11111111111111,"{ddos,dos,normal,scanning} {injection} {password} {xss}","[0, 2, 3, 1]"
7,lightgbm,original,96.30898503027126,11.11111111111111,"{ddos,dos,normal,scanning} {injection} {password} {xss}","[0, 2, 3, 1]"
7,catboost,original,96.30898503027126,11.11111111111111,"{ddos,dos,normal,scanning} {injection} {password} {xss}","[0, 2, 1, 3]"
8,rf,fair,95.39265027925991,9.027777777777779,"{ddos,dos,normal,scanning} {injection} {password} {xss}","[2, 3, 0, 1]"
8,xgboost,fair,96.5836572650537,7.638888888888889,"{injection} {ddos,dos,normal,scanning} {password} {xss}","[0, 2, 1, 3]"
8,lightgbm,fair,96.21329305187619,7.986111111111111,"{ddos,dos,normal,scanning} {injection} {password} {xss}","[0, 2, 3, 1]"
8,catboost,fair,95.80390180824793,12.5,"{ddos,dos,normal,scanning} {injection} {password} {xss}","[0, 2, 1, 3]"
8,rf,original,96.0112762059031,9.027777777777779,"{ddos,dos,normal,scanning} {injection} {password} {xss}","[2, 3, 0, 1]"
8,xgboost,original,96.0112762059031,8.680555555555555,"{injection} {ddos,dos,normal,scanning} {password} {xss}","[0, 2, 3, 1]"
8,lightgbm,original,96.0112762059031,9.027777777777779,"{ddos,dos,normal,scanning} {injection} {password} {xss}","[0, 2, 3, 1]"
8,catboost,original,96.0112762059031,9.027777777777779,"{ddos,dos,normal,scanning} {injection} {password} {xss}","[0, 2, 1, 3]"
9,rf,fair,96.40734488659812,11.805555555555557,"{ddos,dos,normal,scanning} {injection} {password} {xss}","[2, 3, 0, 1]"
9,xgboost,fair,96.3272661106957,8.680555555555555,"{ddos,dos,normal,scanning} {injection} {password} {xss}","[0, 2, 3, 1]"
9,lightgbm,fair,96.37171746026817,8.333333333333334,"{ddos,dos,normal,scanning} {injection} {password} {xss}","[0, 2, 3, 1]"
9,catboost,fair,96.45619923633694,11.11111111111111,"{ddos,dos,normal,scanning} {injection} {password} {xss}","[0, 3, 2, 1]"
9,rf,original,96.37072537770507,9.027777777777779,"{ddos,dos,normal,scanning} {injection} {password} {xss}","[0, 2, 3, 1]"
9,xgboost,original,96.37072537770507,9.027777777777779,"{ddos,dos,normal,scanning} {injection} {password} {xss}","[0, 2, 3, 1]"
9,lightgbm,original,96.37072537770507,9.027777777777779,"{ddos,dos,normal,scanning} {injection} {password} {xss}","[0, 2, 3, 1]"
9,catboost,original,96.37072537770507,9.027777777777779,"{ddos,dos,normal,scanning} {injection} {password} {xss}","[0, 2, 1, 3]"
10,rf,fair,95.38598252693042,10.069444444444446,"{ddos,dos,normal,scanning} {injection} {password} {xss}","[0, 2, 3, 1]"
10,xgboost,fair,96.28095146676198,7.291666666666666,"{ddos,dos,normal,scanning} {injection} {password} {xss}","[0, 2, 3, 1]"
10,lightgbm,fair,96.52752867499314,8.333333333333334,"{ddos,dos,normal,scanning} {injection} {password} {xss}","[0, 2, 3, 1]"
10,catboost,fair,96.37361337253667,10.416666666666668,"{ddos,dos,normal,scanning} {injection} {password} {xss}","[0, 3, 2, 1]"
10,rf,original,96.5763058792101,7.638888888888889,"{ddos,dos,normal,scanning} {injection} {password} {xss}","[0, 2, 3, 1]"
10,xgboost,original,96.5763058792101,7.638888888888889,"{ddos,dos,normal,scanning} {injection} {password} {xss}","[0, 2, 3, 1]"
10,lightgbm,original,96.5763058792101,7.638888888888889,"{ddos,dos,normal,scanning} {injection} {password} {xss}","[0, 2, 3, 1]"
10,catboost,original,96.5763058792101,7.638888888888889,"{ddos,dos,normal,scanning} {injection} {password} {xss}","[0, 3, 2, 1]"
