seed,model,class,precision,recall,f1,support
1,rf,ddos,0.9656682641977355,0.982730165769193,0.974124510425927,499.9999999998965
1,rf,dos,0.954990217064908,0.9558602081545566,0.9554250145606108,499.9999999998435
1,rf,injection,0.9588598348418438,0.9489725541125554,0.9538905742181072,500.0000000000076
1,rf,macro avg,0.975501781158397,0.9382328117300466,0.9555125232169778,3499.4650860396787
1,rf,micro avg,0.9754143974511338,0.9382276547991003,0.9564597114718771,3499.4650860396787
1,rf,normal,0.9895288948089558,0.9719700127370254,0.980670862258504,499.4650860399464
1,rf,password,0.9912881054463695,0.8973987845742344,0.9420097589397288,499.99999999999596
1,rf,scanning,1.0,1.0,1.0,500.0
1,rf,weighted avg,0.9754996370310168,0.9382276547991003,0.955508677615883,3499.4650860396787
1,rf,xss,0.9681771517489662,0.8106979567627604,0.8824669421159668,499.99999999998875
1,xgboost,ddos,0.9584556415614199,0.9867333333333356,0.972388947558383,499.9999999998965
1,xgboost,dos,0.9556039882051885,0.9504966087675573,0.9530434558976969,499.9999999998435
1,xgboost,injection,0.9390371386104814,0.9431341269841284,0.9410811737679806,500.0000000000076
1,xgboost,macro avg,0.9698735463621635,0.9404657097784955,0.9543029939300232,3499.4650860396787
1,xgboost,micro avg,0.969538488675879,0.9404631894536288,0.9547795374202205,3499.4650860396787
1,xgboost,normal,0.9793283337353003,0.9569539481318609,0.9680118692008844,499.4650860399464
1,xgboost,password,0.9932261898869197,0.8992386538552802,0.9438985193527761,499.99999999999596
1,xgboost,scanning,1.0,0.994,0.9969909729187563,500.0
1,xgboost,weighted avg,0.9698721011419291,0.9404631894536288,0.9543008984472624,3499.4650860396787
1,xgboost,xss,0.9634635325358346,0.8527032973773067,0.9047060188136846,499.99999999998875
1,lightgbm,ddos,0.9512689160981234,0.9867333333333356,0.9686766346667107,499.9999999998965
1,lightgbm,dos,0.9503852944137595,0.9515188309897797,0.9509517249073582,499.9999999998435
1,lightgbm,injection,0.9431563712629563,0.9531348917748927,0.9481193774108273,500.0000000000076
1,lightgbm,macro avg,0.973369837643478,0.924462196153186,0.945452535946271,3499.4650860396787
1,lightgbm,micro avg,0.9722915707221003,0.9244558524198633,0.9477705063372295,3499.4650860396787
1,lightgbm,normal,0.9894947589171702,0.9659635868949595,0.9775875907399387,499.4650860399464
1,lightgbm,password,0.9932253584735454,0.8991275427441692,0.9438369295503534,499.99999999999596
1,lightgbm,scanning,0.999199038846616,0.998,0.9985991594956974,500.0
1,lightgbm,weighted avg,0.9733673728537812,0.9244558524198633,0.9454476239128614,3499.4650860396787
1,lightgbm,xss,0.986859125492176,0.7167571873351642,0.830396334853011,499.99999999998875
1,catboost,ddos,0.9850052130492749,0.9802225108225144,0.9826080421928919,499.9999999998965
1,catboost,dos,0.9586995054991244,0.968885071662678,0.9637653777622266,499.9999999998435
1,catboost,injection,0.9684199553678507,0.9336471428571442,0.9507156979465125,500.0000000000076
1,catboost,macro avg,0.9799338326273634,0.9501382478627304,0.9644569991230838,3499.4650860396787
1,catboost,micro avg,0.9798579465491236,0.9501356090741235,0.9647679124502849,3499.4650860396787
1,catboost,normal,0.9820345962690935,0.9674014888389694,0.9746631220991631,499.4650860399464
1,catboost,password,0.9927015977796187,0.9014373912290177,0.9448708291884034,499.99999999999596
1,catboost,scanning,0.9996364958197019,1.0,0.9998182148700235,500.0
1,catboost,weighted avg,0.9799335115132022,0.9501356090741235,0.9644554390567522,3499.4650860396787
1,catboost,xss,0.9730394646068796,0.8993741296287888,0.9347577098023659,499.99999999998875
2,rf,ddos,0.9517284172507788,0.9703952380952409,0.9609711856897352,499.9999999998965
2,rf,dos,0.9650422464705051,0.94543830438377,0.955139694831023,499.9999999998435
2,rf,injection,0.9499197484067523,0.951312236652238,0.9506154825908004,500.0000000000076
2,rf,macro avg,0.9711445637521672,0.9292388017781772,0.9481038096174055,3499.4650860396787
2,rf,micro avg,0.9708018500790444,0.9292314437535725,0.9495618920739396,3499.4650860396787
2,rf,normal,0.9717912768335906,0.9773757959948849,0.9745755363677826,499.4650860399464
2,rf,password,0.9852637351615059,0.8907432714598974,0.9356223506745884,499.99999999999596
2,rf,scanning,1.0,1.0,1.0,500.0
2,rf,weighted avg,0.9711444648982441,0.9292314437535725,0.9480997632572221,3499.4650860396787
2,rf,xss,0.9742665221420382,0.7694067658612088,0.8598024171679087,499.99999999998875
2,xgboost,ddos,0.9698525576008592,0.9827333333333351,0.9762504596578325,499.9999999998965
2,xgboost,dos,0.961886594639883,0.9490096522458192,0.9554047365646546,499.9999999998435
2,xgboost,injection,0.947451865002412,0.9420442568542582,0.9447403228267466,500.0000000000076
2,xgboost,macro avg,0.9768857364110399,0.9279060872419862,0.9499250799727313,3499.4650860396787
2,xgboost,micro avg,0.9764229479514849,0.9278987397315491,0.9515426187804359,3499.4650860396787
2,xgboost,normal,0.9845822500626971,0.9759742966317362,0.9802593764522523,499.4650860399464
2,xgboost,password,0.9887500956716702,0.8859477252559779,0.9345302355699,499.99999999999596
2,xgboost,scanning,1.0,0.998,0.998998998998999,500.0
2,xgboost,weighted avg,0.9768845599533551,0.9278987397315491,0.9499204431958927,3499.4650860396787
2,xgboost,xss,0.9856767918997579,0.7616333463727767,0.859291429738734,499.99999999998875
2,lightgbm,ddos,0.9695373768352213,0.9816464646464661,0.9755543461144802,499.9999999998965
2,lightgbm,dos,0.9539462959777603,0.9583814693669377,0.9561587395260357,499.9999999998435
2,lightgbm,injection,0.9469992381812756,0.9515189033189042,0.9492536909297685,500.0000000000076
2,lightgbm,macro avg,0.9719829334184357,0.9391730714019358,0.9533184910063773,3499.4650860396787
2,lightgbm,micro avg,0.971525810937288,0.9391681138387485,0.9550729727793363,3499.4650860396787
2,lightgbm,normal,0.9825692052498705,0.9716059869284154,0.97705684343287,499.4650860399464
2,lightgbm,password,0.9673615009585109,0.9621174419262658,0.9647323451259197,499.99999999999596
2,lightgbm,scanning,1.0,0.999,0.9994997498749375,500.0
2,lightgbm,weighted avg,0.9719813152441018,0.9391681138387485,0.9533148624586447,3499.4650860396787
2,lightgbm,xss,0.9834669167264111,0.7499412336265623,0.8509737220406295,499.99999999998875
2,catboost,ddos,0.9751199253761467,0.9755996478932303,0.975359727647816,499.9999999998965
2,catboost,dos,0.9669442738887899,0.9427120529929293,0.9546744183608471,499.9999999998435
2,catboost,injection,0.9092162544287751,0.9529586652236662,0.9305737061283387,500.0000000000076
2,catboost,macro avg,0.9689563025151591,0.9195704276655972,0.9401512965761852,3499.4650860396787
2,catboost,micro avg,0.9676078307189511,0.9195619636568197,0.9429732920878484,3499.4650860396787
2,catboost,normal,0.966794515775651,0.9749428901740076,0.9708516059139362,499.4650860399464
2,catboost,password,0.9842249981612939,0.9020215415558156,0.9413320384008413,499.99999999999596
2,catboost,scanning,0.9948628898053686,1.0,0.9974248304377789,500.0
2,catboost,weighted avg,0.9689566329570627,0.9195619636568197,0.9401466038521137,3499.4650860396787
2,catboost,xss,0.9855312601700879,0.688758195819531,0.8108427491437387,499.99999999998875
3,rf,ddos,0.9620915600773674,0.9867131313131335,0.9742468088749636,499.9999999998965
3,rf,dos,0.9701356544045957,0.9442607581562241,0.9570233443104775,499.9999999998435
3,rf,injection,0.9731226283164712,0.9261284704184725,0.9490441489202079,500.0000000000076
3,rf,macro avg,0.9811196295774708,0.9340306826861334,0.955958358403132,3499.4650860396787
3,rf,micro avg,0.9808499695175603,0.9340251894741325,0.9568650721927411,3499.4650860396787
3,rf,normal,0.9869108668854464,0.9699678707896702,0.9783660211356351,499.4650860399464
3,rf,password,0.9868632874254911,0.8957775427441691,0.9391169642855072,499.99999999999596
3,rf,scanning,1.0,0.998,0.998998998998999,500.0
3,rf,weighted avg,0.9811187443525573,0.9340251894741325,0.9559549332591988,3499.4650860396787
3,rf,xss,0.9887134099329241,0.8173670053812642,0.894912222296134,499.99999999998875
3,xgboost,ddos,0.9662639746343705,0.9863333333333357,0.9761955146532435,499.9999999998965
3,xgboost,dos,0.962061023014417,0.9563632754342247,0.9592036880284546,499.9999999998435
3,xgboost,injection,0.9515716208085524,0.9506128715728729,0.9510920045737453,500.0000000000076
3,xgboost,macro avg,0.9774428010014892,0.9319542024835211,0.9524961816623909,3499.4650860396787
3,xgboost,micro avg,0.97710174071159,0.9319480858299731,0.9539909165880281,3499.4650860396787
3,xgboost,normal,0.9906808760015174,0.9719700127370255,0.9812362546906304,499.4650860399464
3,xgboost,password,0.9928863005201365,0.8901024695052876,0.9386891330414148,499.99999999999596
3,xgboost,scanning,1.0,0.998,0.998998998998999,500.0
3,xgboost,weighted avg,0.9774407774833388,0.9319480858299731,0.9524917885720471,3499.4650860396787
3,xgboost,xss,0.9786358120314302,0.770297454801901,0.862057677650249,499.99999999998875
3,lightgbm,ddos,0.970690990557537,0.9738895850393567,0.9722876571523356,499.9999999998965
3,lightgbm,dos,0.9480349351715887,0.9622735789755212,0.9551011926141041,499.9999999998435
3,lightgbm,injection,0.9086260100878533,0.9276940115440125,0.9180610115469469,500.0000000000076
3,lightgbm,macro avg,0.9683166933354569,0.9266047420316198,0.9451004214543662,3499.4650860396787
3,lightgbm,micro avg,0.9677247122033714,0.9265971762603289,0.9467144852052594,3499.4650860396787
3,lightgbm,normal,0.9927373176474311,0.9761008375738538,0.9843487893371995,499.4650860399464
3,lightgbm,password,0.9924781048388154,0.9008457245623512,0.9444445198247723,499.99999999999596
3,lightgbm,scanning,0.998489301623175,0.998,0.9982445908523184,500.0
3,lightgbm,weighted avg,0.9683129604984281,0.9265971762603289,0.94509442210893,3499.4650860396787
3,lightgbm,xss,0.9671601934217985,0.7474294565262437,0.8432151888528867,499.99999999998875
3,catboost,ddos,0.9891619191118922,0.9482000000000015,0.9682479277097087,499.9999999998965
3,catboost,dos,0.9642447014629082,0.965342253713788,0.9647931654435805,499.9999999998435
3,catboost,injection,0.9004117792732057,0.9519352525252532,0.9254569470678002,500.0000000000076
3,catboost,macro avg,0.9668488957446918,0.9254122335020798,0.9430232597333645,3499.4650860396787
3,catboost,micro avg,0.9648857438809048,0.9254027486429226,0.9447318999668565,3499.4650860396787
3,catboost,normal,0.9358674676946311,0.9874632098071239,0.9609732787127159,499.4650860399464
3,catboost,password,0.9985564296306344,0.8857947008578126,0.9388016697769442,499.99999999999596
3,catboost,scanning,1.0,0.998,0.998998998998999,500.0
3,catboost,weighted avg,0.9668536314394213,0.9254027486429226,0.9430205159666732,3499.4650860396787
3,catboost,xss,0.9796999730395716,0.7411502176105794,0.8438908304238024,499.99999999998875
4,rf,ddos,0.9750895856091313,0.9480000000000014,0.9613539941922796,499.9999999998965
4,rf,dos,0.9674814721036191,0.9534711335154218,0.9604252110785788,499.9999999998435
4,rf,injection,0.961770955260544,0.9385343145743159,0.9500105678824772,500.0000000000076
4,rf,macro avg,0.9729427935054115,0.941494038449325,0.9562897066836594,3499.4650860396787
4,rf,micro avg,0.972592017827943,0.9414863226840667,0.9567864208648476,3499.4650860396787
4,rf,normal,0.9451112423272864,0.991971410791105,0.9679745269482131,499.4650860399464
4,rf,password,0.9921590439246899,0.9020372044876547,0.9449542212314086,499.99999999999596
4,rf,scanning,1.0,0.999,0.9994997498749375,500.0
4,rf,weighted avg,0.9729470477228103,0.9414863226840667,0.9562879205896917,3499.4650860396787
4,rf,xss,0.9689872553126097,0.8574442057767766,0.9098096755777215,499.99999999998875
4,xgboost,ddos,0.9748809600329752,0.9484000000000017,0.9614581766352248,499.9999999998965
4,xgboost,dos,0.9704868871851825,0.955179942100891,0.9627725779073537,499.9999999998435
4,xgboost,injection,0.9464888780673119,0.9432373737373748,0.944860328597602,500.0000000000076
4,xgboost,macro avg,0.9728968932829781,0.9457458525930498,0.9585017303747246,3499.4650860396787
4,xgboost,micro avg,0.9722731261055826,0.9457387836823675,0.9588224129346578,3499.4650860396787
4,xgboost,normal,0.943504102098336,0.9919914322105787,0.9671404236758135,499.4650860399464
4,xgboost,password,0.99393252425549,0.9002106893361389,0.9447529377855672,499.99999999999596
4,xgboost,scanning,1.0,0.998,0.998998998998999,500.0
4,xgboost,weighted avg,0.9729013861451564,0.9457387836823675,0.9585004098993005,3499.4650860396787
4,xgboost,xss,0.980984901341552,0.8832015307663633,0.9295286690225127,499.99999999998875
4,lightgbm,ddos,0.9569103813474594,0.9720740740740736,0.9644326270290553,499.9999999998965
4,lightgbm,dos,0.9331947947120924,0.9565366087675587,0.9447215436117453,499.9999999998435
4,lightgbm,injection,0.9398319638524565,0.9472134776334785,0.9435082836911346,500.0000000000076
4,lightgbm,macro avg,0.9662130678236112,0.9205839091469175,0.9402117487712018,3499.4650860396787
4,lightgbm,micro avg,0.9652075308369926,0.9205803127942983,0.9423658696816379,3499.4650860396787
4,lightgbm,normal,0.9795727930237531,0.9441116376409673,0.9615153702633258,499.4650860399464
4,lightgbm,password,0.9703602231622774,0.9081477148378703,0.9382237907097083,499.99999999999596
4,lightgbm,scanning,1.0,0.998,0.998998998998999,500.0
4,lightgbm,weighted avg,0.966211025710508,0.9205803127942983,0.9402084923865094,3499.4650860396787
4,lightgbm,xss,0.9836213186672391,0.7180038510744737,0.8300816270944436,499.99999999998875
4,catboost,ddos,0.9733321800223856,0.9847939393939436,0.9790295143898654,499.9999999998965
4,catboost,dos,0.9614944357672074,0.9573424158317969,0.9594139336850398,499.9999999998435
4,catboost,injection,0.9363775299882605,0.952851010101011,0.9445424482556709,500.0000000000076
4,catboost,macro avg,0.9748736839109587,0.9473435840702614,0.9602698994346401,3499.4650860396787
4,catboost,micro avg,0.974305345177619,0.9473415280302777,0.9606342635968543,3499.4650860396787
4,catboost,normal,0.9807313094400741,0.9607944204126968,0.970660502248936,499.4650860399464
4,catboost,password,0.998415424502835,0.8698657549078205,0.9297180708320711,499.99999999999596
4,catboost,scanning,0.9977569101346218,0.998,0.9978784402627316,500.0
4,catboost,weighted avg,0.974872788538212,0.9473415280302777,0.9602683111694729,3499.4650860396787
4,catboost,xss,0.9760079975213272,0.9077575478445608,0.9406463863681661,499.99999999998875
5,rf,ddos,0.9664838577282276,0.9867333333333356,0.9765036299222055,499.9999999998965
5,rf,dos,0.9588201436791651,0.9479799291729887,0.9533692229569006,499.9999999998435
5,rf,injection,0.9528947341851676,0.948127316017317,0.9505050471916265,500.0000000000076
5,rf,macro avg,0.9759596233997857,0.9339016898990835,0.9532123984690151,3499.4650860396787
5,rf,micro avg,0.9758107065138234,0.9338956669043512,0.9543932022397683,3499.4650860396787
5,rf,normal,0.9903571603115644,0.9733047740352624,0.9817569259465021,499.4650860399464
5,rf,password,0.9967994638404395,0.8894069557597741,0.9400459752705213,499.99999999999596
5,rf,scanning,0.998001998001998,0.999,0.9985007496251874,500.0
5,rf,weighted avg,0.9759574226510165,0.9338956669043512,0.9532080352689668,3499.4650860396787
5,rf,xss,0.9683600060519377,0.792759520974908,0.8718052383701621,499.99999999998875
5,xgboost,ddos,0.9665983275538771,0.9851600000000021,0.9757909008810848,499.9999999998965
5,xgboost,dos,0.963863488314572,0.9518902456421819,0.9578394512767785,499.9999999998435
5,xgboost,injection,0.9469472584910441,0.9317425974025991,0.9392834005696207,500.0000000000076
5,xgboost,macro avg,0.9726178732343828,0.9250228968683614,0.9467535054524227,3499.4650860396787
5,xgboost,micro avg,0.972667490585504,0.9250176043888876,0.9482443155517278,3499.4650860396787
5,xgboost,normal,0.9905623354640041,0.9596468710246794,0.974859561343627,499.4650860399464
5,xgboost,password,0.9756297928549994,0.880379971306893,0.9255607870443441,499.99999999999596
5,xgboost,scanning,0.9956999748066233,0.998,0.9968486606951918,500.0
5,xgboost,weighted avg,0.9726151303170757,0.9250176043888876,0.9467492092753522,3499.4650860396787
5,xgboost,xss,0.9690239351555596,0.7683405927021736,0.8570917763563124,499.99999999998875
5,lightgbm,ddos,0.9621941202432301,0.9867333333333356,0.9743092384880703,499.9999999998965
5,lightgbm,dos,0.940173526304545,0.9506332754342299,0.9453744697401586,499.9999999998435
5,lightgbm,injection,0.9499498814139299,0.9463990331890348,0.9481711328807971,500.0000000000076
5,lightgbm,macro avg,0.9704196720411584,0.9218989115498519,0.94281086913866,3499.4650860396787
5,lightgbm,micro avg,0.9697367299490858,0.9218944712976901,0.9452105985195534,3499.4650860396787
5,lightgbm,normal,0.9720786628392933,0.9509475222897948,0.9613969929751637,499.4650860399464
5,lightgbm,password,0.9892251828150954,0.9173153994810689,0.9519141655593683,499.99999999999596
5,lightgbm,scanning,1.0,0.993,0.9964877069744105,500.0
5,lightgbm,weighted avg,0.970419418454593,0.9218944712976901,0.9428080281395754,3499.4650860396787
5,lightgbm,xss,0.9793163306720152,0.708263817121499,0.8220223773526513,499.99999999998875
5,catboost,ddos,0.9687502582763033,0.9793940740740739,0.9740430895783329,499.9999999998965
5,catboost,dos,0.9527811443665734,0.9571096998271028,0.954940517001756,499.9999999998435
5,catboost,injection,0.9720938849791987,0.9301625974025991,0.9506660971808466,500.0000000000076
5,catboost,macro avg,0.978632788364746,0.9491650804024908,0.9632578423179208,3499.4650860396787
5,catboost,micro avg,0.9783695086380817,0.9491613812382729,0.9635441476529601,3499.4650860396787
5,catboost,normal,0.9822331460639836,0.9733654135235807,0.9777791742664942,499.4650860399464
5,catboost,password,0.9977737428530521,0.8976137739415924,0.9450473287665864,499.99999999999596
5,catboost,scanning,0.9996364958197019,1.0,0.9998182148700235,500.0
5,catboost,weighted avg,0.9786322380287538,0.9491613812382729,0.9632556226463462,3499.4650860396787
5,catboost,xss,0.9771608461944079,0.906510004048487,0.9405104745614056,499.99999999998875
6,rf,ddos,0.9577262537128831,0.9777768599978304,0.9676477009613657,499.9999999998965
6,rf,dos,0.9487021191568028,0.9468795304181262,0.9477899485841865,499.9999999998435
6,rf,injection,0.9464503259437026,0.9521134632034641,0.9492734484197575,500.0000000000076
6,rf,macro avg,0.972376673375913,0.9336760657892726,0.9512079404896987,3499.4650860396787
6,rf,micro avg,0.9719827376100217,0.9336711559537545,0.952441835588832,3499.4650860396787
6,rf,normal,0.9898070751116494,0.96579674173268,0.9776545124864431,499.4650860399464
6,rf,password,0.9888674964307028,0.9176690226694731,0.9519388271958834,499.99999999999596
6,rf,scanning,1.0,0.998,0.998998998998999,500.0
6,rf,weighted avg,0.9723740090357972,0.9336711559537545,0.9512038979745686,3499.4650860396787
6,rf,xss,0.9750834432756502,0.7774968425033335,0.8651521467812547,499.99999999998875
6,xgboost,ddos,0.9681608972365664,0.9863333333333357,0.9771626337273884,499.9999999998965
6,xgboost,dos,0.9681009071201433,0.942259652245819,0.955005503657009,499.9999999998435
6,xgboost,injection,0.9544784178207035,0.9525040692640702,0.9534902214951867,500.0000000000076
6,xgboost,macro avg,0.9752550735807498,0.9281279976358928,0.9492577592820348,3499.4650860396787
6,xgboost,micro avg,0.9751299527227008,0.9281200719672694,0.9510444451940666,3499.4650860396787
6,xgboost,normal,0.9710962140367011,0.9799785805264468,0.975517178570667,499.4650860399464
6,xgboost,password,0.9966102461374157,0.8861514770597304,0.938140637539461,499.99999999999596
6,xgboost,scanning,1.0,0.997,0.9984977466199298,500.0
6,xgboost,weighted avg,0.9752557092870578,0.9281200719672694,0.9492537453743037,3499.4650860396787
6,xgboost,xss,0.9683388327137188,0.7526688710218474,0.8469903933646014,499.99999999998875
6,lightgbm,ddos,0.9768582062933836,0.9459714285714297,0.9611667473432143,499.9999999998965
6,lightgbm,dos,0.9686188719451218,0.9592065814451592,0.9638897497154819,499.9999999998435
6,lightgbm,injection,0.944270877372452,0.9297168398268413,0.9369373427519346,500.0000000000076
6,lightgbm,macro avg,0.9734278776718162,0.9105811644039098,0.9370705629445187,3499.4650860396787
6,lightgbm,micro avg,0.9724209402725,0.9105687203624122,0.9404789731442107,3499.4650860396787
6,lightgbm,normal,0.9453042257394277,0.9919914322105787,0.968085267643919,499.4650860399464
6,lightgbm,password,0.9963063629489635,0.8848834709112886,0.9372951274440849,499.99999999999596
6,lightgbm,scanning,1.0,0.996,0.9979959919839679,500.0
6,lightgbm,weighted avg,0.9734321765385447,0.9105687203624122,0.9370658221632542,3499.4650860396787
6,lightgbm,xss,0.9826365994033647,0.666298397862071,0.7941237137290273,499.99999999998875
6,catboost,ddos,0.9543424885758826,0.9867333333333356,0.9702676570025842,499.9999999998965
6,catboost,dos,0.9521820342132472,0.9467004683011551,0.9494333393498533,499.9999999998435
6,catboost,injection,0.9604643813250211,0.9517791341991348,0.9561020339358431,500.0000000000076
6,catboost,macro avg,0.9701306598471692,0.9536857192755991,0.9615797974774637,3499.4650860396787
6,catboost,micro avg,0.9698828644571043,0.9536859993525661,0.9617162413544083,3499.4650860396787
6,catboost,normal,0.9646163848778881,0.9518534254051747,0.9581924069154627,499.4650860399464
6,catboost,password,0.9884296542254042,0.9181419680531594,0.9519901979114023,499.99999999999596
6,catboost,scanning,0.9981663610601768,0.998,0.9980831735977999,500.0
6,catboost,weighted avg,0.9701315027367517,0.9536859993525661,0.9615803152601694,3499.4650860396787
6,catboost,xss,0.9727133146525644,0.9225917056372326,0.9469897736293001,499.99999999998875
7,rf,ddos,0.9646590041472368,0.9464740740740739,0.9554800219325651,499.9999999998965
7,rf,dos,0.972976562064288,0.9453931009236438,0.9589865257807404,499.9999999998435
7,rf,injection,0.953596750706238,0.937684603174604,0.9455737391369712,500.0000000000076
7,rf,macro avg,0.9730599521067784,0.9348532702617415,0.9525917223663034,3499.4650860396787
7,rf,micro avg,0.9724039191294886,0.9348444083752997,0.9532543333460046,3499.4650860396787
7,rf,normal,0.9455269292256582,0.9928286915703818,0.9686006570890731,499.4650860399464
7,rf,password,0.992371525391142,0.8790573942906474,0.932283901465949,499.99999999999596
7,rf,scanning,1.0,0.998,0.998998998998999,500.0
7,rf,weighted avg,0.9730641606923592,0.9348444083752997,0.9525892753058358,3499.4650860396787
7,rf,xss,0.9822888932128858,0.8445350277988397,0.9082182121598257,499.99999999998875
7,xgboost,ddos,0.9524103357381221,0.9808846485779661,0.9664378018370433,499.9999999998965
7,xgboost,dos,0.964099143631942,0.9404792091639975,0.952142713191704,499.9999999998435
7,xgboost,injection,0.9709665220575117,0.9145119336219344,0.9418940522966586,500.0000000000076
7,xgboost,macro avg,0.9717813147751843,0.9292903951776196,0.9490878015919695,3499.4650860396787
7,xgboost,micro avg,0.9722789247890836,0.9292823411490915,0.9502945307756357,3499.4650860396787
7,xgboost,normal,0.9839013849528057,0.981980722473802,0.9829401154718029,499.4650860399464
7,xgboost,password,0.9942905142705238,0.9064624801379303,0.9483473635918407,499.99999999999596
7,xgboost,scanning,1.0,0.998,0.998998998998999,500.0
7,xgboost,weighted avg,0.9717794621506912,0.9292823411490915,0.9490826270653404,3499.4650860396787
7,xgboost,xss,0.9368013027753843,0.7827137722677063,0.8528535657557381,499.99999999998875
7,lightgbm,ddos,0.9642836819598447,0.9867333333333356,0.9753793476129152,499.9999999998965
7,lightgbm,dos,0.961544283937319,0.9365231044940502,0.9488687739856264,499.9999999998435
7,lightgbm,injection,0.9440636700669705,0.9458020634920654,0.944932067248724,500.0000000000076
7,lightgbm,macro avg,0.9723911828778633,0.9274033446247351,0.947949794571195,3499.4650860396787
7,lightgbm,micro avg,0.9722784380771801,0.9274008112277522,0.9493095347985149,3499.4650860396787
7,lightgbm,normal,0.9907816234505196,0.9439771021767801,0.9668132293773078,499.4650860399464
7,lightgbm,password,0.9753003917542084,0.9118093551317391,0.9424868084462115,499.99999999999596
7,lightgbm,scanning,1.0,0.998,0.998998998998999,500.0
7,lightgbm,weighted avg,0.9723883717901257,0.9274008112277522,0.9479469111834868,3499.4650860396787
7,lightgbm,xss,0.9707646289761814,0.7689784537451749,0.8581693363285803,499.99999999998875
7,catboost,ddos,0.9608295146191665,0.9865333333333356,0.9735117878200552,499.9999999998965
7,catboost,dos,0.9687400884714416,0.9430038113466918,0.9556987164649048,499.9999999998435
7,catboost,injection,0.9392217544617922,0.9563628715728728,0.9477148124162565,500.0000000000076
7,catboost,macro avg,0.9722129815006954,0.9461748583036567,0.9583535238106687,3499.4650860396787
7,catboost,micro avg,0.9717271920260162,0.9461708791932826,0.9587787645364872,3499.4650860396787
7,catboost,normal,0.9710094834813546,0.972206629512622,0.9716076877375357,499.4650860399464
7,catboost,password,0.9921489869548583,0.8960692094108352,0.9416646445517259,499.99999999999596
7,catboost,scanning,0.995841202963824,0.997,0.9964202645733392,500.0
7,catboost,weighted avg,0.9722131654624945,0.9461708791932826,0.9583514978332295,3499.4650860396787
7,catboost,xss,0.9776998395524306,0.8720481529492391,0.9218567531108646,499.99999999998875
8,rf,ddos,0.9666463077679229,0.9681503257800971,0.967397732198313,499.9999999998965
8,rf,dos,0.9464929362074614,0.9537359624533627,0.9501006453541554,499.9999999998435
8,rf,injection,0.918277819535257,0.9322629137529148,0.9252175218574896,500.0000000000076
8,rf,macro avg,0.9687280631826137,0.926916215179492,0.9457419190772508,3499.4650860396787
8,rf,micro avg,0.9678985143621058,0.9269105692303632,0.9469612222922618,3499.4650860396787
8,rf,normal,0.9795664201472194,0.9638526261214836,0.9716459950642842,499.4650860399464
8,rf,password,0.9939869768711126,0.9012894475060736,0.9453713048816007,499.99999999999596
8,rf,scanning,0.9976348585463477,0.997,0.9973173282408039,500.0
8,rf,weighted avg,0.9687264064755746,0.9269105692303632,0.9457379594858479,3499.4650860396787
8,rf,xss,0.9784911232029756,0.7721222306425121,0.8631429059441091,499.99999999998875
8,xgboost,ddos,0.9727428948626955,0.984733333333335,0.9787013906342389,499.9999999998965
8,xgboost,dos,0.9627765654985716,0.958229134531078,0.9604974676444332,499.9999999998435
8,xgboost,injection,0.939863479587833,0.9511190187590198,0.9454577514646573,500.0000000000076
8,xgboost,macro avg,0.9766777782070734,0.9512228373175733,0.963293264444262,3499.4650860396787
8,xgboost,micro avg,0.9763613339885713,0.9512186254555005,0.96362600318003,3499.4650860396787
8,xgboost,normal,0.9924211422803931,0.9787772953580336,0.9855520001944198,499.4650860399464
8,xgboost,password,0.9929482322761332,0.8975805730471993,0.9428589935504175,499.99999999999596
8,xgboost,scanning,1.0,1.0,1.0,500.0
8,xgboost,weighted avg,0.976675371740653,0.9512186254555005,0.9632898620646999,3499.4650860396787
8,xgboost,xss,0.9759921329438868,0.8881205061943473,0.9299852476216676,499.99999999998875
8,lightgbm,ddos,0.968699870171272,0.9719636591134294,0.9703290201381907,499.9999999998965
8,lightgbm,dos,0.9459426556178916,0.9622735789755212,0.9540382355262661,499.9999999998435
8,lightgbm,injection,0.9546524228944693,0.9415650505050521,0.9480635732840497,500.0000000000076
8,lightgbm,macro avg,0.9748643088622799,0.9293325518917689,0.9499505214918146,3499.4650860396787
8,lightgbm,micro avg,0.9746862151926307,0.9293257659640666,0.9514656656290887,3499.4650860396787
8,lightgbm,normal,0.9927197396510181,0.9737268261800313,0.9831315614397459,499.4650860399464
8,lightgbm,password,0.9929541961871025,0.898345724562351,0.9432836611947362,499.99999999999596
8,lightgbm,scanning,1.0,0.996,0.9979959919839679,500.0
8,lightgbm,weighted avg,0.9748615795539565,0.9293257659640666,0.9499454495733805,3499.4650860396787
8,lightgbm,xss,0.9690812775142061,0.761453023905997,0.8528116068757449,499.99999999998875
8,catboost,ddos,0.9440102479293786,0.9867333333333356,0.9648991069347369,499.9999999998965
8,catboost,dos,0.9546375015629207,0.9290763189124848,0.9416834831355105,499.9999999998435
8,catboost,injection,0.9496874523492423,0.9535267965367974,0.9516032518985075,500.0000000000076
8,catboost,macro avg,0.9700592853963524,0.9441601819929303,0.9563687146690919,3499.4650860396787
8,catboost,micro avg,0.9695882788012111,0.9441572772447652,0.9567038068036636,3499.4650860396787
8,catboost,normal,0.9803681736446352,0.9631633592246626,0.9716896149459234,499.4650860399464
8,catboost,password,0.9868504509586961,0.890800811142437,0.9363689625799504,499.99999999999596
8,catboost,scanning,0.9996354024245738,0.997,0.998315961949843,500.0
8,catboost,weighted avg,0.9700577096217423,0.9441572772447652,0.9563663727787642,3499.4650860396787
8,catboost,xss,0.97522576890502,0.8888206548007951,0.9300206212391712,499.99999999998875
9,rf,ddos,0.9439099100436273,0.9867333333333356,0.9648466904476786,499.9999999998965
9,rf,dos,0.9673516985128507,0.9330929855791524,0.9499135565755015,499.9999999998435
9,rf,injection,0.9513484378732017,0.9462747763347773,0.948804824397809,500.0000000000076
9,rf,macro avg,0.9734681140041861,0.9331426689823415,0.95140281575409,3499.4650860396787
9,rf,micro avg,0.973003414145093,0.9331358770830304,0.9526527242173124,3499.4650860396787
9,rf,normal,0.9854847741455142,0.9775760101896204,0.9815144607843393,499.4650860399464
9,rf,password,0.9895481072710004,0.9083490769718958,0.9472115953609663,499.99999999999596
9,rf,scanning,1.0,0.998,0.998998998998999,500.0
9,rf,weighted avg,0.9734662771865293,0.9331358770830304,0.9513982130108447,3499.4650860396787
9,rf,xss,0.9766338701831085,0.7819725004676095,0.8685295837133357,499.99999999998875
9,xgboost,ddos,0.9674448701454075,0.9867333333333356,0.9769939095988877,499.9999999998965
9,xgboost,dos,0.9483709410838801,0.9614402456421894,0.9548608751409338,499.9999999998435
9,xgboost,injection,0.9658072926270057,0.9150551082251097,0.9397464655351914,500.0000000000076
9,xgboost,macro avg,0.974977961615747,0.9479104490521882,0.9609002959569823,3499.4650860396787
9,xgboost,micro avg,0.9748677261137257,0.9479073834839158,0.9611985415150809,3499.4650860396787
9,xgboost,normal,0.9908682782081409,0.9679657288423149,0.9792831160274701,499.4650860399464
9,xgboost,password,0.9925025164754413,0.9151477808394082,0.9522567912038225,499.99999999999596
9,xgboost,scanning,1.0,0.998,0.998998998998999,500.0
9,xgboost,weighted avg,0.9749755326867647,0.9479073834839158,0.9608974860340829,3499.4650860396787
9,xgboost,xss,0.9598518327703536,0.8910309464829597,0.924161915193572,499.99999999998875
9,lightgbm,ddos,0.9651664265204524,0.9827475057208239,0.9738776262841254,499.9999999998965
9,lightgbm,dos,0.9610573532883459,0.9581567717075131,0.9596048706180873,499.9999999998435
9,lightgbm,injection,0.9550001877304278,0.9244341269841282,0.9394686027623577,500.0000000000076
9,lightgbm,macro avg,0.9749102884725539,0.9306765949110366,0.95087482362852,3499.4650860396787
9,lightgbm,micro avg,0.9750795857549027,0.930670338611106,0.9523575330054761,3499.4650860396787
9,lightgbm,normal,0.9879581695237435,0.9716059869284154,0.9797138503309247,499.4650860399464
9,lightgbm,password,0.9903648112581076,0.916147780839408,0.9518117297692059,499.99999999999596
9,lightgbm,scanning,1.0,0.997,0.9984977466199298,500.0
9,lightgbm,weighted avg,0.9749082940266748,0.930670338611106,0.9508704154125212,3499.4650860396787
9,lightgbm,xss,0.9648250709868006,0.764643992196968,0.8531493390150099,499.99999999998875
9,catboost,ddos,0.9839810652871193,0.9844088050314477,0.9841948886844231,499.9999999998965
9,catboost,dos,0.9602952507724257,0.9561713240267182,0.9582288503872004,499.9999999998435
9,catboost,injection,0.9407282798699802,0.9402372505272518,0.9404827011065815,500.0000000000076
9,catboost,macro avg,0.9749480827146053,0.9499933471116522,0.9618542104327732,3499.4650860396787
9,catboost,micro avg,0.9745965923859428,0.9499891626674734,0.9621355642981966,3499.4650860396787
9,catboost,normal,0.9666025168209765,0.9773684343179877,0.9719556641724845,499.4650860399464
9,catboost,password,0.9978106319639044,0.8973433355830435,0.944913960659013,499.99999999999596
9,catboost,scanning,1.0,0.997,0.9984977466199298,500.0
9,catboost,weighted avg,0.9749493583837697,0.9499891626674734,0.9618526663657542,3499.4650860396787
9,catboost,xss,0.9752188342878305,0.8974242802951159,0.9347056613997798,499.99999999998875
10,rf,ddos,0.9712532563698084,0.9680750360750386,0.9696615419484896,499.9999999998965
10,rf,dos,0.9700528125626953,0.9415682738470988,0.9555983230762302,499.9999999998435
10,rf,injection,0.9405024924163355,0.9392538306138313,0.9398777467921009,500.0000000000076
10,rf,macro avg,0.9692599501404044,0.9379290773571393,0.9522569118586797,3499.4650860396787
10,rf,micro avg,0.9687055204919215,0.9379211196453278,0.9530647975431511,3499.4650860396787
10,rf,normal,0.9472027449338106,0.9899892902632232,0.9681235067611905,499.4650860399464
10,rf,password,0.9717096585630511,0.9139969833912415,0.9419701632257278,499.99999999999596
10,rf,scanning,1.0,0.996,0.9979959919839679,500.0
10,rf,weighted avg,0.9692633217148291,0.9379211196453278,0.9522544865556961,3499.4650860396787
10,rf,xss,0.9840986861371299,0.8166201273095413,0.8925711092230506,499.99999999998875
10,xgboost,ddos,0.9665533231616263,0.9867131313131335,0.9765291917987499,499.9999999998965
10,xgboost,dos,0.9511774612042962,0.9542364810219461,0.9527045155831081,499.9999999998435
10,xgboost,injection,0.9559662491297152,0.9421138239538253,0.9489894881781963,500.0000000000076
10,xgboost,macro avg,0.9760782709498362,0.9282283478661199,0.9497309100180272,3499.4650860396787
10,xgboost,micro avg,0.975555671058431,0.9282233824094324,0.9513011324177237,3499.4650860396787
10,xgboost,normal,0.9858046541275838,0.9607129035222219,0.9730970551492115,499.4650860399464
10,xgboost,password,0.9912370018260088,0.8974069557597745,0.9419911854452546,499.99999999999596
10,xgboost,scanning,0.9979959919839679,0.996,0.996996996996997,500.0
10,xgboost,weighted avg,0.9760767842145753,0.9282233824094324,0.9497273383643835,3499.4650860396787
10,xgboost,xss,0.9838132152156552,0.7604151394919385,0.8578079369746734,499.99999999998875
10,lightgbm,ddos,0.9672245021020874,0.9848074074074079,0.9759367658445998,499.9999999998965
10,lightgbm,dos,0.9571646786032093,0.9533738836849222,0.9552655203913659,499.9999999998435
10,lightgbm,injection,0.9607918556876633,0.94932204906205,0.9550225155636011,500.0000000000076
10,lightgbm,macro avg,0.9778650390592969,0.9291635873530082,0.9509594666150033,3499.4650860396787
10,lightgbm,micro avg,0.9776641306936792,0.9291567937416616,0.9527934767136768,3499.4650860396787
10,lightgbm,normal,0.9913100569543591,0.9736081288757708,0.9823793546694831,499.4650860399464
10,lightgbm,password,0.9912283896105806,0.8965180668708858,0.9414973675411517,499.99999999999596
10,lightgbm,scanning,1.0,0.999,0.9994997498749375,500.0
10,lightgbm,weighted avg,0.9778629839087,0.9291567937416616,0.9509546638990647,3499.4650860396787
10,lightgbm,xss,0.977335790457179,0.747515575570021,0.8471149924198847,499.99999999998875
10,catboost,ddos,0.9633970758523114,0.9778666666666679,0.9705779452900943,499.9999999998965
10,catboost,dos,0.9567890777515557,0.9542144517913524,0.9555000304212207,499.9999999998435
10,catboost,injection,0.9540382104686839,0.9550180086580097,0.9545278581290301,500.0000000000076
10,catboost,macro avg,0.9741404195947799,0.9526707743030874,0.9629655351289272,3499.4650860396787
10,catboost,micro avg,0.9738461761207228,0.9526697286395664,0.9631415656099098,3499.4650860396787
10,catboost,normal,0.9787165629645539,0.9595116183538087,0.9690189445094511,499.4650860399464
10,catboost,password,0.9962464063978997,0.9059471856013126,0.9489534943633355,499.99999999999596
10,catboost,scanning,0.9992006394884093,1.0,0.9996001599360256,500.0
10,catboost,weighted avg,0.9741397201041697,0.9526697286395664,0.962964609829459,3499.4650860396787
10,catboost,xss,0.9705949642400458,0.9161374890504609,0.9425803132533328,499.99999999998875
